Index,0 [0x3][0x9c],1 [0x3][0x9d],2 [0x5][0x90],3 [0x3][0x9e],4 [0x0][0x0],5 [0x0][0x4],6 [0x5][0x92],7 [0x5][0x94],8 [0x7][0x60],9 [0x5][0x96],10 [0x7][0x64],11 [0x7][0x68],12 [0x3][0x9f],13 [0x7][0x6c],14 [0x19][0xa4],15 [0x7][0x70],16 [0x7][0x74],17 [0x7][0x78],18 [0x7][0x7c],19 [0x7][0x80],20 [0x5][0x98],21 [0x7][0x8],22 [0x7][0xc],23 [0x5][0x34],24 [0x5][0x36],25 [0x7][0x10],26 [0x5][0x38],27 [0x5][0x3a],28 [0x5][0x3c],29 [0x7][0x14],30 [0x7][0x18],31 [0x7][0x1c],32 [0x7][0x20],33 [0x7][0x24],34 [0x5][0x3e],35 [0x5][0x40],36 [0x5][0x42],37 [0x5][0x44],38 [0x5][0x46],39 [0x5][0x48],40 [0x5][0x4a],41 [0x5][0x4c],42 [0x5][0x4e],43 [0x5][0x50],44 [0x5][0x52],45 [0x5][0x54],46 [0x5][0x56],47 [0x5][0x58],48 [0x5][0x5a],49 [0x7][0x28],50 [0x7][0x2c],51 [0x7][0x30],52 [0x3][0x5c],53 [0x7][0x84],54 [0x6][0x8c],55 [0x7][0x88],56 [0x4][0x9a],57 [0x3][0xa0],58 [0x3][0xa1],59 [0x3][0xa2],60 [0x3][0xa3]
0,0,0,60,0,"","",0,18,0,0,0,0,0,0,false,0,0,0,0,0,0,0,0,0,0,0,0,0,0,0,0,0,0,0,0,0,0,0,0,0,0,0,0,0,0,0,0,0,0,0,0,0,100,0,0,0,-1,0,0,0,0
1,2,0,90,27,"토토라크 감옥","",0,18,22,0,2281258,169,0,112005,false,0,0,444,1200,1203,5,3400,4600,0,0,0,0,0,0,0,0,0,0,0,0,0,0,0,0,0,0,0,0,0,0,0,0,0,0,53288,550,0,100,0,0,0,-1,0,0,0,0
2,2,0,90,19,"탐타라 묘소","",0,18,17,0,1958540,164,0,112002,false,1003,1004,73,1000,1004,2,2600,3500,0,0,0,0,0,0,0,0,0,0,0,0,0,0,0,0,0,0,0,0,0,0,0,0,0,0,32156,400,78,100,0,0,0,-1,0,0,0,0
3,2,0,90,20,"구리종 광산","",0,18,177,0,2790145,161,0,112003,false,2704,2705,101,2700,2705,3,2700,3600,0,0,0,0,0,0,0,0,0,0,0,0,0,0,0,0,0,0,0,0,0,0,0,0,0,0,39690,400,79,100,0,0,0,-1,0,0,0,0
4,2,0,90,18,"사스타샤 침식 동굴","",0,18,174,0,3283219,157,0,112001,false,2504,2505,1206,2500,2505,1,2500,3400,0,0,0,0,0,0,0,0,0,0,0,0,0,0,0,0,0,0,0,0,0,0,0,0,0,0,30870,400,6,100,0,0,0,-1,0,0,0,0
5,2,0,90,49,"금빛 골짜기","",0,18,316,0,3619405,172,0,112014,false,0,0,1532,2900,2903,12,5700,13000,0,0,0,0,0,0,0,0,0,0,0,0,0,0,0,0,0,0,0,0,0,0,0,0,0,0,131969,2400,4,100,0,0,0,-1,0,0,0,0
6,2,0,90,31,"하우케타 별궁","",0,18,18,0,3633039,166,0,112006,false,0,0,422,1100,1103,6,3800,6300,0,0,0,0,0,0,0,0,0,0,0,0,0,0,0,0,0,0,0,0,0,0,0,0,0,0,62244,700,11,100,0,0,0,-1,0,0,0,0
7,2,0,90,23,"할라탈리 수련장","",0,18,180,0,4097951,162,0,112004,false,0,0,1197,2405,2407,4,3000,4000,0,0,0,0,0,0,0,0,0,0,0,0,0,0,0,0,0,0,0,0,0,0,0,0,0,0,45570,450,0,100,0,0,0,-1,0,0,0,0
8,2,0,90,34,"브레이플록스의 야영지","",0,18,183,0,3998421,158,0,112007,false,0,0,1279,2400,2403,7,4200,8000,0,0,0,0,0,0,0,0,0,0,0,0,0,0,0,0,0,0,0,0,0,0,0,0,0,0,77396,900,0,100,0,0,0,-1,0,0,0,0
9,2,0,90,37,"카른의 무너진 사원","",0,18,304,0,4064743,163,0,112009,false,0,0,1570,3500,3509,8,4500,9000,0,0,0,0,0,0,0,0,0,0,0,0,0,0,0,0,0,0,0,0,0,0,0,0,0,0,89303,1200,0,100,0,0,0,-1,0,0,0,0
10,2,0,90,50,"방랑자의 궁전","",0,18,301,110,4177426,159,0,112010,false,0,0,1547,2800,2804,13,0,0,30,0,0,10,0,0,0,0,0,0,0,4,6,0,0,0,0,0,0,0,0,0,0,0,0,0,157186,3000,2,40,0,0,0,-1,0,0,0,0
11,2,0,90,43,"돌방패 경계초소","",0,18,298,0,4239689,168,0,112012,false,0,0,1680,4400,4402,10,5100,11000,0,0,0,0,0,0,0,0,0,0,0,0,0,0,0,0,0,0,0,0,0,0,0,0,0,0,110849,1800,14,100,0,0,0,-1,0,0,0,0
12,2,0,90,40,"나무꾼의 비명","",0,18,310,0,3690171,170,0,112011,false,0,0,1590,3400,3402,9,4800,10000,0,0,0,0,0,0,0,0,0,0,0,0,0,0,0,0,0,0,0,0,0,0,0,0,0,0,102060,1500,13,100,0,0,0,-1,0,0,0,0
13,2,0,90,46,"제멜 요새","",0,18,313,0,4229622,171,0,112013,false,0,0,1396,2904,2906,11,5400,12000,0,0,0,0,0,0,0,0,0,0,0,0,0,0,0,0,0,0,0,0,0,0,0,0,0,0,117369,2100,5,100,0,0,0,-1,0,0,0,0
14,2,0,90,50,"옛 암다포르 성","",0,18,307,110,4246570,167,0,112015,false,0,0,1696,4500,4502,16,0,0,30,0,0,10,0,0,0,0,0,0,0,4,6,0,0,0,0,0,0,0,0,0,0,0,0,0,157186,3000,9,45,0,0,0,-1,0,0,0,0
15,2,0,120,50,"카스트룸 메리디아눔","",148,18,266,0,4248047,217,0,112016,false,0,0,0,3900,3918,14,0,0,100,0,0,20,0,0,0,0,0,15718,0,0,0,0,0,0,0,0,0,0,0,0,0,0,0,0,157186,3000,16,50,0,0,0,-1,0,0,0,0
16,2,0,120,50,"마도성 프라이토리움","",149,18,279,0,4301613,224,0,112017,false,0,0,0,4000,4050,15,0,0,100,0,32645,20,0,0,0,12047,16322,0,23577,0,0,0,0,0,0,0,0,0,0,0,0,0,0,0,157186,3000,17,75,0,0,0,-1,0,0,0,0
17,2,0,90,50,"시리우스 대등대","",1115,18,405,110,4378111,160,0,112027,false,0,0,2265,4600,4612,17,0,0,40,0,0,15,0,0,0,0,0,0,0,5,10,0,0,0,0,0,0,0,0,0,0,0,0,0,157186,3000,8,45,0,0,0,-1,0,0,0,0
18,2,0,90,50,"구리종 광산(어려움)","",17,18,419,110,4481318,349,0,112025,false,0,0,2289,4800,4812,18,0,0,40,0,0,15,0,0,0,0,0,0,0,5,10,0,0,0,0,0,0,0,0,0,0,0,0,0,157186,3000,69,45,0,0,0,-1,0,0,0,0
19,2,0,90,50,"하우케타 별궁(어려움)","",17,18,422,110,4497567,350,0,112026,false,0,0,2346,5000,5007,19,0,0,40,0,0,15,0,0,0,0,0,0,0,5,10,0,0,0,0,0,0,0,0,0,0,0,0,0,157186,3000,12,45,0,0,0,-1,0,0,0,0
20,2,0,90,50,"브레이플록스의 야영지(어려움)","",17,18,499,110,4543710,362,0,112048,false,5305,5306,2547,5300,5308,22,0,0,50,0,0,20,0,0,0,0,0,0,0,7,13,0,0,0,0,0,0,0,0,0,0,0,0,0,157186,3000,0,50,0,0,0,-1,0,0,0,0
21,2,0,90,50,"할라탈리 수련장(어려움)","",1123,18,496,110,4569373,360,0,112049,false,0,0,1197,5100,5116,21,0,0,50,0,24625,20,0,0,0,0,0,0,0,7,13,0,0,0,0,0,0,0,0,0,0,0,0,0,157186,3000,0,50,0,0,0,-1,0,0,0,0
22,2,0,90,50,"옛 암다포르 시가지","",1120,18,493,110,4574827,363,0,112042,false,0,0,2564,5400,5406,20,0,0,50,0,0,20,0,0,0,0,0,0,0,7,13,0,0,0,0,0,0,0,0,0,0,0,0,0,157186,3000,80,50,0,0,0,-1,0,0,0,0
23,2,0,90,50,"난파선의 섬","",216,18,565,110,4685110,361,0,112058,false,0,0,0,6000,6005,23,0,0,60,0,24206,25,0,0,0,0,0,0,0,10,15,0,0,0,0,0,0,0,0,0,0,0,0,0,157186,3000,0,55,0,0,0,-1,0,0,0,0
24,2,0,90,50,"탐타라 묘소(어려움)","",217,18,571,110,4660222,373,0,112059,false,0,0,0,6400,6414,24,0,0,60,0,0,25,0,0,0,0,0,0,0,10,15,0,0,0,0,0,0,0,0,0,0,0,0,0,157186,3000,68,55,0,0,0,-1,0,0,0,0
25,2,0,90,50,"돌방패 경계초소(어려움)","",17,18,568,110,4616677,365,0,112060,false,0,0,0,6100,6106,25,0,0,60,0,21901,25,0,0,0,13448,0,0,0,10,15,0,0,0,0,0,0,0,0,0,0,0,0,0,157186,3000,15,55,0,0,0,-1,0,0,0,0
26,2,0,90,50,"카른의 무너진 사원(어려움)","",234,18,650,0,4877226,367,0,112068,false,0,0,0,6500,6507,28,0,0,70,0,0,35,0,0,10740,0,0,0,0,15,20,0,0,0,0,0,0,0,0,0,0,0,0,0,157186,3000,75,60,0,0,0,-1,0,0,0,0
27,2,0,90,50,"얼음외투 대빙벽","",233,18,647,0,4725496,371,0,112066,false,0,0,0,6800,6804,26,0,0,70,0,0,35,0,0,0,0,0,0,0,15,20,0,0,0,0,0,0,0,0,0,0,0,0,0,157186,3000,74,60,0,0,0,-1,0,0,0,0
28,2,0,90,50,"사스타샤 침식 동굴(어려움)","",235,18,653,0,4878743,387,0,112067,false,0,0,0,6600,6617,27,0,0,70,0,0,35,0,0,0,12575,0,0,0,15,20,0,0,0,0,0,0,0,0,0,0,0,0,0,157186,3000,7,60,0,0,0,-1,0,0,0,0
29,2,0,90,50,"옛 암다포르 성(어려움)","",246,18,738,0,5018469,189,0,112077,false,0,0,0,7300,7309,31,0,0,80,0,0,50,0,0,0,17312,0,0,0,20,30,0,0,0,0,0,0,0,0,0,0,0,0,0,157186,3000,10,65,0,0,0,-1,0,0,0,0
30,2,0,90,50,"방랑자의 궁전(어려움)","",245,18,742,0,4898011,188,0,112078,false,0,0,0,6700,6719,30,0,0,80,0,0,50,0,0,0,0,0,0,0,20,30,0,0,0,0,0,0,0,0,0,0,0,0,0,157186,3000,3,65,0,0,0,-1,0,0,0,0
31,2,0,90,60,"구브라 환상도서관","",303,18,923,150,5330512,416,0,112091,false,0,0,3930,7700,7704,44,6000,51000,0,0,0,0,0,0,0,0,0,0,0,0,0,0,0,0,0,0,0,0,0,0,0,0,0,0,518400,3600,46,100,0,0,0,-1,0,0,0,0
32,2,0,90,50,"묵약의 탑","",243,18,736,0,5073636,150,0,112076,false,0,0,0,7500,7509,29,0,0,80,0,0,50,0,0,0,0,0,0,0,20,30,0,0,0,0,0,0,0,0,0,0,0,0,0,157186,3000,101,65,0,0,0,-1,0,0,0,0
33,2,0,90,60,"거두지 않는 섬","",300,18,928,210,5614685,420,0,112093,false,0,0,3740,9100,9107,46,0,0,30,0,0,10,0,0,0,0,0,0,0,4,6,0,0,0,0,0,0,0,0,0,0,0,0,0,562000,3600,85,40,0,0,0,-1,0,0,0,0
34,2,0,90,58,"이슈가르드 교황청","",0,18,920,0,5578485,421,0,112090,false,0,0,3642,8200,8208,43,6000,41000,0,0,128851,0,0,0,48206,74250,0,0,0,0,0,0,0,0,0,0,0,0,0,0,0,0,0,0,414720,3480,51,100,0,0,0,-1,0,0,0,0
35,2,0,90,60,"무한연속 박물함","",308,18,931,210,5615552,430,0,112094,false,0,0,3434,8300,8309,47,0,0,30,0,0,10,0,0,0,0,0,0,0,4,6,0,0,0,0,0,0,0,0,0,0,0,0,0,562000,3600,84,40,0,0,0,-1,0,0,0,0
36,2,0,90,52,"어스름 요새","",299,18,912,0,5653695,434,0,112087,false,0,0,3409,8100,8104,40,6000,18000,0,0,0,0,0,0,0,0,0,0,0,0,0,0,0,0,0,0,0,0,0,0,0,0,0,0,181440,3120,47,100,0,0,0,-1,0,0,0,0
37,2,0,90,54,"솜 알","",301,18,915,0,5777405,441,0,112088,false,0,0,3798,8700,8705,41,6000,24000,0,0,0,0,0,0,0,0,0,0,0,0,0,0,0,0,0,0,0,0,0,0,0,0,0,0,241920,3240,48,100,0,0,0,-1,0,0,0,0
38,2,0,90,60,"마과학 연구소","",304,18,926,180,5783033,438,0,112092,false,0,0,3823,8600,8621,45,0,0,100,0,93639,60,0,0,18727,31213,43698,0,0,15,30,45,0,0,0,0,0,0,0,0,0,0,0,0,562000,3600,70,50,0,0,0,-1,0,0,0,0
39,2,0,90,56,"용의 둥지","",302,18,837,0,5724514,435,0,112089,false,0,0,3458,8500,8518,42,6000,32000,0,0,105867,0,0,0,0,0,0,0,0,0,0,0,0,0,0,0,0,0,0,0,0,0,0,0,322560,3360,49,100,0,0,0,-1,0,0,0,0
40,2,0,90,60,"시리우스 대등대(어려움)","",346,18,1069,240,5963638,510,0,112117,false,0,0,4576,9500,9507,49,0,0,40,0,0,15,0,0,0,0,0,0,0,5,10,0,0,0,0,0,0,0,0,0,0,0,0,0,562000,3600,52,40,0,0,0,-1,0,0,0,0
41,2,0,90,60,"성 모샨 식물원","",345,18,1066,240,6034561,511,0,112116,false,0,0,4658,9700,9704,48,0,0,40,0,0,15,0,0,0,0,0,0,0,5,10,0,0,0,0,0,0,0,0,0,0,0,0,0,562000,3600,53,40,0,0,0,-1,0,0,0,0
42,2,0,90,60,"옛 암다포르 시가지(어려움)","",368,18,1115,0,6159126,519,0,112124,false,0,0,4747,10000,10011,51,0,0,50,0,53092,20,0,0,0,0,0,0,0,7,13,0,0,0,0,0,0,0,0,0,0,0,0,0,562000,3600,72,45,0,0,0,-1,0,0,0,0
43,2,0,90,60,"거꾸로 선 탑","",361,18,1112,0,6168797,516,0,112125,false,0,0,0,9800,9806,50,0,0,50,0,0,20,0,0,0,0,0,0,0,7,13,0,0,0,0,0,0,0,0,0,0,0,0,0,562000,3600,71,45,0,0,0,-1,0,0,0,0
44,2,0,90,60,"소르 카이","",386,18,1238,0,6258659,555,0,112163,false,0,0,4954,12400,12414,52,0,0,60,0,0,25,0,0,0,0,0,0,0,10,15,0,0,0,0,0,0,0,0,0,0,0,0,0,562000,3600,83,45,0,0,0,-1,0,0,0,0
45,2,0,90,60,"난파선의 섬(어려움)","",387,18,1241,0,6245779,557,0,112164,false,0,0,0,12300,12350,53,0,0,60,0,70790,25,0,0,27530,42138,0,0,0,10,15,0,0,0,0,0,0,0,0,0,0,0,0,0,562000,3600,82,45,0,0,0,-1,0,0,0,0
46,2,0,90,60,"젤파톨","",405,18,1330,0,6399476,572,0,0,false,0,0,5272,13000,13016,54,0,0,70,0,0,35,0,0,0,0,0,0,0,15,20,0,0,0,0,0,0,0,0,0,0,0,0,0,562000,3600,91,45,0,0,0,-1,0,0,0,0
47,2,0,90,60,"구브라 환상도서관(어려움)","",407,18,1333,0,6331749,578,0,0,false,0,0,5219,13800,13816,55,0,0,70,0,0,35,0,0,0,0,0,0,0,15,20,0,0,0,0,0,0,0,0,0,0,0,0,0,562000,3600,90,45,0,0,0,-1,0,0,0,0
48,2,0,90,60,"바일사르 장성","",420,18,1370,0,6562680,615,0,0,false,0,0,5564,14000,14008,56,0,0,80,0,56280,50,0,0,0,0,0,0,0,20,30,0,0,0,0,0,0,0,0,0,0,0,0,0,562000,3600,104,50,0,0,0,-1,0,0,0,0
49,2,0,90,60,"솜 알(어려움)","",421,18,1373,0,6610258,617,0,0,false,0,0,5531,14400,14404,57,0,0,80,0,0,50,0,0,0,0,0,0,0,20,30,0,0,0,0,0,0,0,0,0,0,0,0,0,562000,3600,103,50,0,0,0,-1,0,0,0,0
50,2,0,90,64,"시스이 궁","",472,18,1544,0,6526606,616,0,0,false,0,0,6243,14900,14914,0,6000,92000,0,0,0,0,0,0,0,0,0,0,0,0,0,0,0,0,0,0,0,0,0,0,0,0,0,0,923000,3840,0,100,0,0,0,-1,0,0,0,0
51,2,0,90,70,"성도산 사원","",477,18,1559,0,6797021,663,0,0,false,0,0,6117,14600,14623,0,0,0,0,40,0,0,40,50,0,0,0,0,0,0,0,0,0,0,15,25,0,0,0,0,0,0,0,0,0,4200,0,100,0,0,0,-1,0,0,0,0
52,2,0,90,62,"세이렌 해","",471,18,1541,0,6793825,626,0,0,false,0,0,6074,14500,14513,0,6000,76000,0,0,0,0,0,0,0,127759,0,0,0,0,0,0,0,0,0,0,0,0,0,0,0,0,0,0,760500,3720,0,100,0,0,0,-1,0,0,0,0
53,2,0,90,66,"바르담 패도","",473,18,1547,0,6797773,623,0,0,false,0,0,6155,14700,14722,0,6000,110000,0,0,322894,0,0,0,0,189580,0,0,0,0,0,0,0,0,0,0,0,0,0,0,0,0,0,0,1101100,3960,0,100,0,0,0,-1,0,0,2,0
54,2,0,90,68,"도마 성","",474,18,1550,0,6881322,660,0,0,false,0,0,6205,16100,16111,0,6000,129000,0,0,384025,0,0,0,0,0,0,0,0,0,0,0,0,0,0,0,0,0,0,0,0,0,0,0,1294800,4080,120,100,0,0,0,-1,0,0,0,0
55,2,0,90,70,"카스트룸 아바니아","",475,18,1553,0,6828756,661,0,0,false,0,0,6268,15500,15516,0,6000,150000,0,0,0,0,0,0,0,0,0,0,0,0,0,0,0,0,0,0,0,0,0,0,0,0,0,0,1504100,4200,0,100,0,0,0,-1,0,0,0,0
56,2,0,90,70,"알라미고","",476,18,1556,0,6879598,689,0,0,false,0,0,6039,17300,17317,0,0,0,0,40,0,0,40,50,0,0,0,0,0,0,0,0,0,0,15,25,0,0,0,0,0,0,0,0,0,4200,121,100,0,0,0,-1,0,0,4,0
57,2,0,90,70,"쿠가네 성","",478,18,1562,0,6881036,662,0,0,false,0,0,6089,16200,16230,0,0,0,0,40,0,0,40,50,0,0,0,0,0,0,0,0,0,0,15,25,0,0,0,0,0,0,0,0,0,4200,0,100,0,0,0,-1,0,0,6,0
58,0,0,0,0,"","",0,0,0,0,0,0,0,0,false,0,0,0,0,0,0,0,0,0,0,0,0,0,0,0,0,0,0,0,0,0,0,0,0,0,0,0,0,0,0,0,0,0,0,0,0,0,0,0,0,0,0,0,0,0,0
5000,0,0,60,0,"","",0,18,0,0,0,0,0,0,false,0,0,0,0,0,0,0,0,0,0,0,0,0,0,0,0,0,0,0,0,0,0,0,0,0,0,0,0,0,0,0,0,0,0,0,0,0,100,0,0,0,-1,0,0,0,0
5001,7,0,30,60,"4개국 합동훈련","",316,0,0,0,0,533,0,112145,true,0,0,4739,10400,10438,0,0,0,0,0,0,0,0,0,0,0,0,0,0,0,0,0,0,0,0,0,0,0,0,0,0,0,0,0,0,0,0,100,0,0,0,-1,0,0,0,0
5002,7,0,30,60,"레굴라 반 히드루스 추격전","",385,0,0,0,0,560,0,0,true,0,0,3818,12500,12521,0,0,0,0,0,0,0,0,0,0,0,0,0,0,0,0,0,0,0,0,0,0,0,0,0,0,0,0,0,0,0,0,100,0,0,0,-1,0,0,0,0
5003,7,0,30,60,"뒤얽히는 숙명","",161,0,0,0,0,592,0,0,true,0,0,3818,13300,13335,0,0,0,0,0,0,0,0,0,0,0,0,0,0,0,0,0,0,0,0,0,0,0,0,0,0,0,0,0,0,0,0,100,0,0,0,-1,0,0,0,0
5004,7,0,30,60,"카르테노 평원 조우전","",151,0,0,0,0,633,0,0,true,0,0,0,14200,14230,0,0,0,0,0,0,0,0,0,0,0,0,0,0,0,0,0,0,0,0,0,0,0,0,0,0,0,0,0,0,0,0,100,0,0,0,-1,0,0,0,0
5005,7,0,30,63,"교도 등장!","",117,0,0,0,0,665,0,0,false,0,0,0,14800,14822,0,0,0,0,0,0,0,0,0,0,0,0,0,0,0,0,0,0,0,0,0,0,0,0,0,0,0,0,0,0,0,0,100,0,0,0,-1,0,0,0,0
5006,7,0,30,65,"울다하 왕실배 투기대회","",0,0,0,0,0,705,0,0,false,0,0,0,15000,15025,0,0,0,0,0,0,0,0,0,0,0,0,0,0,0,0,0,0,0,0,0,0,0,0,0,0,0,0,0,0,0,0,100,0,0,0,-1,0,0,0,0
5007,7,0,30,70,"맞서는 힘","",393,0,0,0,0,707,0,0,false,0,0,0,15400,15421,0,0,0,0,0,0,0,0,0,0,0,0,0,0,0,0,0,0,0,0,0,0,0,0,0,0,0,0,0,0,0,0,100,0,0,0,-1,0,0,0,0
5008,7,0,30,68,"계절끝 합전","",113,0,0,0,0,688,0,0,false,0,0,0,15200,15257,0,0,0,0,0,0,0,0,0,0,0,0,0,0,0,0,0,0,0,0,0,0,0,0,0,0,0,0,0,0,0,0,100,0,0,0,-1,0,0,5,0
5009,7,0,30,56,"해양도시를 흔드는 살인자의 연회!","",208,0,0,0,0,708,0,0,false,0,0,0,15300,15331,0,0,0,0,0,0,0,0,0,0,0,0,0,0,0,0,0,0,0,0,0,0,0,0,0,0,0,0,0,0,0,0,100,0,0,0,-1,0,0,0,0
5010,7,0,30,62,"극악무도한 코가라시","",91,206,0,0,0,709,0,0,false,0,0,0,15600,15625,0,0,0,0,0,0,0,0,0,0,0,0,0,0,0,0,0,0,0,0,0,0,0,0,0,0,0,0,0,0,0,0,100,0,0,0,-1,0,0,0,0
5011,7,0,30,67,"마츠바 사변","",91,257,0,0,0,710,0,0,false,0,0,0,15800,15857,0,0,0,0,0,0,0,0,0,0,0,0,0,0,0,0,0,0,0,0,0,0,0,0,0,0,0,0,0,0,0,0,100,0,0,0,-1,0,0,0,0
5012,7,0,30,70,"베코우 섬의 결투","",470,0,0,0,0,711,0,0,false,0,0,0,16000,16016,0,0,0,0,0,0,0,0,0,0,0,0,0,0,0,0,0,0,0,0,0,0,0,0,0,0,0,0,0,0,0,0,100,0,0,0,-1,0,0,0,0
5013,7,0,30,62,"원초적 그녀","",113,0,0,0,0,717,0,0,false,0,0,0,15700,15715,0,0,0,0,0,0,0,0,0,0,0,0,0,0,0,0,0,0,0,0,0,0,0,0,0,0,0,0,0,0,0,0,100,0,0,0,-1,0,0,0,0
5014,7,0,30,70,"시간을 뛰어넘은 염원","",368,0,0,0,0,722,0,0,false,0,0,0,16600,16608,0,0,0,0,0,0,0,0,0,0,0,0,0,0,0,0,0,0,0,0,0,0,0,0,0,0,0,0,0,0,0,0,100,0,0,0,-1,0,0,0,0
5015,7,0,30,70,"불타올라라, 산골짜기!","",209,0,0,0,0,718,0,0,false,0,0,0,15900,15930,0,0,0,0,0,0,0,0,0,0,0,0,0,0,0,0,0,0,0,0,0,0,0,0,0,0,0,0,0,0,0,0,100,0,0,0,-1,0,0,0,0
5016,7,0,30,70,"칠흑의 거룡","",117,0,0,0,0,713,0,0,true,0,0,0,16700,16705,0,0,0,0,0,0,0,0,0,0,0,0,0,0,0,0,0,0,0,0,0,0,0,0,0,0,0,0,0,0,0,0,100,0,0,0,-1,0,0,0,0
5017,7,0,30,70,"위리앙제의 비책","",149,0,0,0,0,684,0,0,false,0,0,0,17000,17039,0,0,0,0,0,0,0,0,0,0,0,0,0,0,0,0,0,0,0,0,0,0,0,0,0,0,0,0,0,0,0,0,100,0,0,0,-1,0,0,0,0
5018,7,0,30,70,"더 높은 검술의 경지로","",0,0,0,0,0,706,0,0,false,0,0,0,15100,15115,0,0,0,0,0,0,0,0,0,0,0,0,0,0,0,0,0,0,0,0,0,0,0,0,0,0,0,0,0,0,0,0,100,0,0,0,-1,0,0,0,0
5019,7,0,30,67,"앞으로 세 번, 아득한 동경","",0,0,0,0,0,715,0,0,false,0,0,0,16400,16426,0,0,0,0,0,0,0,0,0,0,0,0,0,0,0,0,0,0,0,0,0,0,0,0,0,0,0,0,0,0,0,0,100,0,0,0,-1,0,0,0,0
5020,7,0,30,70,"앞으로 한 번, 너와 만날 수 있다면","",0,0,0,0,0,716,0,0,false,0,0,0,16500,16520,0,0,0,0,0,0,0,0,0,0,0,0,0,0,0,0,0,0,0,0,0,0,0,0,0,0,0,0,0,0,0,0,100,0,0,0,-1,0,0,0,0
5021,7,0,30,70,"붉은 용기사","",0,0,0,0,0,714,0,0,true,0,0,0,16800,16811,0,0,0,0,0,0,0,0,0,0,0,0,0,0,0,0,0,0,0,0,0,0,0,0,0,0,0,0,0,0,0,0,100,0,0,0,-1,0,0,0,0
5022,7,0,30,70,"그림자 인법첩","",91,0,0,0,0,723,0,0,false,0,0,0,17100,17109,0,0,0,0,0,0,0,0,0,0,0,0,0,0,0,0,0,0,0,0,0,0,0,0,0,0,0,0,0,0,0,0,100,0,0,0,-1,0,0,0,0
5023,7,0,30,70,"차원의 틈: 외곽","",479,0,0,0,0,690,0,0,false,0,0,0,17400,17440,0,0,0,0,0,0,0,0,0,0,0,0,0,0,0,0,0,0,0,0,0,0,0,0,0,0,0,0,0,0,0,0,100,0,0,0,-1,0,0,0,0
5024,0,0,60,0,"","",0,18,0,0,0,0,0,0,false,0,0,0,0,0,0,0,0,0,0,0,0,0,0,0,0,0,0,0,0,0,0,0,0,0,0,0,0,0,0,0,0,0,0,0,0,0,100,0,0,0,-1,0,0,0,0
10000,0,0,60,0,"","",0,18,0,0,0,0,0,0,false,0,0,0,0,0,0,0,0,0,0,0,0,0,0,0,0,0,0,0,0,0,0,0,0,0,0,0,0,0,0,0,0,0,0,0,0,0,100,0,0,0,-1,0,0,0,0
10001,3,0,30,11,"집단전 훈련을 완수하라!","",40,18,0,0,0,214,0,111006,false,0,0,0,1400,1411,1,0,0,0,0,0,0,0,0,0,0,0,0,0,0,0,0,0,0,0,0,0,0,0,0,0,0,0,0,0,0,0,100,0,0,0,-1,0,0,0,0
10002,3,0,30,11,"방황하는 사령을 쓰러뜨려라!","",40,18,0,0,0,190,0,111001,false,0,0,0,1500,1506,2,0,0,0,0,0,0,0,0,0,0,0,0,0,0,0,0,0,0,0,0,0,0,0,0,0,0,0,0,0,0,0,100,0,0,0,-1,0,0,0,0
10003,3,0,30,16,"관문을 돌파하고 최심부의 적을 쓰러뜨려라!","",40,18,0,0,0,215,0,111007,false,0,0,0,1600,1619,3,0,0,0,0,0,0,0,0,0,0,0,0,0,0,0,0,0,0,0,0,0,0,0,0,0,0,0,0,0,0,0,100,0,0,0,-1,0,0,0,0
10004,3,0,30,16,"길거북을 사로잡아라!","",40,18,0,0,0,216,0,111008,false,0,0,0,1700,1715,4,0,0,0,0,0,0,0,0,0,0,0,0,0,0,0,0,0,0,0,0,0,0,0,0,0,0,0,0,0,0,0,100,0,0,0,-1,0,0,0,0
10005,3,0,30,21,"독성 요괴꽃을 제거하라!","",40,18,0,0,0,191,0,111002,false,0,0,0,1800,1811,5,0,0,0,0,0,0,0,0,0,0,0,0,0,0,0,0,0,0,0,0,0,0,0,0,0,0,0,0,0,0,0,100,0,0,0,-1,0,0,0,0
10006,3,0,30,21,"무법자 집단 '나나니단'을 섬멸하라!","",40,18,0,0,0,192,0,111003,false,0,0,0,1900,1915,6,0,0,0,0,0,0,0,0,0,0,0,0,0,0,0,0,0,0,0,0,0,0,0,0,0,0,0,0,0,0,0,100,0,0,0,-1,0,0,0,0
10007,3,0,30,26,"몽환의 브라크시오를 쓰러뜨려라!","",40,18,0,0,0,220,0,111005,false,0,0,0,2000,2009,7,0,0,0,0,0,0,0,0,0,0,0,0,0,0,0,0,0,0,0,0,0,0,0,0,0,0,0,0,0,0,0,100,0,0,0,-1,0,0,0,0
10008,3,0,30,26,"폭탄광 고블린 군단을 섬멸하라!","",40,18,0,0,0,219,0,111004,false,0,0,0,2100,2109,8,0,0,0,0,0,0,0,0,0,0,0,0,0,0,0,0,0,0,0,0,0,0,0,0,0,0,0,0,0,0,0,100,0,0,0,-1,0,0,0,0
10009,3,0,30,31,"오염원 몰볼을 쓰러뜨려라!","",40,18,0,0,0,221,0,111009,false,0,0,0,2200,2213,9,0,0,0,0,0,0,0,0,0,0,0,0,0,0,0,0,0,0,0,0,0,0,0,0,0,0,0,0,0,0,0,100,0,0,0,-1,0,0,0,0
10010,3,0,30,31,"갱도에 나타난 요마 부소를 쓰러뜨려라!","",40,18,0,0,0,222,0,111010,false,0,0,0,2300,2314,10,0,0,0,0,0,0,0,0,0,0,0,0,0,0,0,0,0,0,0,0,0,0,0,0,0,0,0,0,0,0,0,100,0,0,0,-1,0,0,0,0
10011,3,0,30,36,"무적의 부하를 조종하는 요마를 쓰러뜨려라!","",40,18,0,0,0,223,0,111011,false,0,0,0,3000,3013,11,0,0,0,0,0,0,0,0,0,0,0,0,0,0,0,0,0,0,0,0,0,0,0,0,0,0,0,0,0,0,0,100,0,0,0,-1,0,0,0,0
10012,3,0,30,36,"봄을 거느린 '봄 여왕'을 쓰러뜨려라!","",40,18,0,0,0,298,0,111012,false,0,0,0,3100,3117,12,0,0,0,0,0,0,0,0,0,0,0,0,0,0,0,0,0,0,0,0,0,0,0,0,0,0,0,0,0,0,0,100,0,0,0,-1,0,0,0,0
10013,3,0,30,41,"불길한 진형을 짜는 요마를 섬멸하라!","",40,18,0,0,0,299,0,111013,false,0,0,0,3200,3221,13,0,0,0,0,0,0,0,0,0,0,0,0,0,0,0,0,0,0,0,0,0,0,0,0,0,0,0,0,0,0,0,100,0,0,0,-1,0,0,0,0
10014,3,0,30,41,"세 거인족을 제압하여 유물을 지켜내라!","",40,18,0,0,0,300,0,111014,false,0,0,0,3300,3322,14,0,0,0,0,0,0,0,0,0,0,0,0,0,0,0,0,0,0,0,0,0,0,0,0,0,0,0,0,0,0,0,100,0,0,0,-1,0,0,0,0
10015,0,0,60,0,"","",0,18,0,0,0,0,0,0,false,0,0,0,0,0,0,0,0,0,0,0,0,0,0,0,0,0,0,0,0,0,0,0,0,0,0,0,0,0,0,0,0,0,0,0,0,0,100,0,0,0,-1,0,0,0,0
15000,0,0,60,0,"","",0,18,0,0,0,0,0,0,false,0,0,0,0,0,0,0,0,0,0,0,0,0,0,0,0,0,0,0,0,0,0,0,0,0,0,0,0,0,0,0,0,0,0,0,0,0,100,0,0,0,-1,0,0,0,0
15001,8,0,30,15,"범위 공격을 피하자!","",108,18,0,5,6215537,537,0,112141,false,0,0,0,10500,10542,0,0,0,0,0,0,0,0,0,0,0,0,0,0,0,0,0,0,0,0,0,0,0,0,0,0,0,0,0,0,0,0,100,0,0,0,-1,0,0,0,0
15002,8,0,30,15,"콤보를 이어 적개심을 끌자!","",108,18,0,5,6215537,538,0,112141,false,0,0,0,10700,10718,0,0,0,0,0,0,0,0,0,0,0,0,0,0,0,0,0,0,0,0,0,0,0,0,0,0,0,0,0,0,0,0,100,0,0,0,-1,0,0,0,0
15003,8,0,30,15,"실전에서 콤보를 사용해보자!","",108,18,0,5,6215537,539,0,112141,false,0,0,0,10800,10806,0,0,0,0,0,0,0,0,0,0,0,0,0,0,0,0,0,0,0,0,0,0,0,0,0,0,0,0,0,0,0,0,100,0,0,0,-1,0,0,0,0
15004,8,0,30,15,"다수의 적에게서 적개심을 끌자!","",108,18,0,5,6215537,540,0,112141,false,0,0,0,11000,11014,0,0,0,0,0,0,0,0,0,0,0,0,0,0,0,0,0,0,0,0,0,0,0,0,0,0,0,0,0,0,0,0,100,0,0,0,-1,0,0,0,0
15005,8,0,30,15,"실전에서 다수의 적과 싸워보자!","",108,18,0,5,6215537,541,0,112141,false,0,0,0,11100,11110,0,0,0,0,0,0,0,0,0,0,0,0,0,0,0,0,0,0,0,0,0,0,0,0,0,0,0,0,0,0,0,0,100,0,0,0,-1,0,0,0,0
15006,8,0,30,15,"멀리서 적개심을 끌자!","",108,18,0,5,6215537,542,0,112141,false,0,0,0,10900,10913,0,0,0,0,0,0,0,0,0,0,0,0,0,0,0,0,0,0,0,0,0,0,0,0,0,0,0,0,0,0,0,0,100,0,0,0,-1,0,0,0,0
15007,8,0,30,15,"적 지원군에 대처하자!","",108,18,0,5,6215537,543,0,112141,false,0,0,0,11200,11217,0,0,0,0,0,0,0,0,0,0,0,0,0,0,0,0,0,0,0,0,0,0,0,0,0,0,0,0,0,0,0,0,100,0,0,0,-1,0,0,0,0
15008,8,0,30,15,"파티원과 협력하여 적을 물리치자!","",108,18,0,5,6215537,544,0,112141,false,0,0,0,11300,11313,0,0,0,0,0,0,0,0,0,0,0,0,0,0,0,0,0,0,0,0,0,0,0,0,0,0,0,0,0,0,0,0,100,0,0,0,-1,0,0,0,0
15009,8,0,30,15,"파티원과 같은 적을 공격하자!","",108,18,0,5,6215537,545,0,112141,false,0,0,0,11400,11410,0,0,0,0,0,0,0,0,0,0,0,0,0,0,0,0,0,0,0,0,0,0,0,0,0,0,0,0,0,0,0,0,100,0,0,0,-1,0,0,0,0
15010,8,0,30,15,"적의 공격을 피하면서 싸우자!","",108,18,0,5,6215537,546,0,112141,false,0,0,0,11500,11509,0,0,0,0,0,0,0,0,0,0,0,0,0,0,0,0,0,0,0,0,0,0,0,0,0,0,0,0,0,0,0,0,100,0,0,0,-1,0,0,0,0
15011,8,0,30,15,"적 지원군에 대처하자!","",108,18,0,5,6215537,547,0,112141,false,0,0,0,11600,11610,0,0,0,0,0,0,0,0,0,0,0,0,0,0,0,0,0,0,0,0,0,0,0,0,0,0,0,0,0,0,0,0,100,0,0,0,-1,0,0,0,0
15012,8,0,30,15,"특수 장치를 활용하며 싸우자!","",108,18,0,5,6215537,548,0,112141,false,0,0,0,11700,11708,0,0,0,0,0,0,0,0,0,0,0,0,0,0,0,0,0,0,0,0,0,0,0,0,0,0,0,0,0,0,0,0,100,0,0,0,-1,0,0,0,0
15013,8,0,30,15,"파티원을 회복시키자!","",108,18,0,5,6215537,549,0,112141,false,0,0,0,11800,11809,0,0,0,0,0,0,0,0,0,0,0,0,0,0,0,0,0,0,0,0,0,0,0,0,0,0,0,0,0,0,0,0,100,0,0,0,-1,0,0,0,0
15014,8,0,30,15,"다수의 파티원을 회복시키자!","",108,18,0,5,6215537,550,0,112141,false,0,0,0,11900,11909,0,0,0,0,0,0,0,0,0,0,0,0,0,0,0,0,0,0,0,0,0,0,0,0,0,0,0,0,0,0,0,0,100,0,0,0,-1,0,0,0,0
15015,8,0,30,15,"적의 공격을 피하면서 싸우자!","",108,18,0,5,6215537,551,0,112141,false,0,0,0,12000,12011,0,0,0,0,0,0,0,0,0,0,0,0,0,0,0,0,0,0,0,0,0,0,0,0,0,0,0,0,0,0,0,0,100,0,0,0,-1,0,0,0,0
15016,8,0,30,15,"마지막 훈련!","",165,18,0,5,6229269,552,0,112141,false,0,0,0,12100,12130,0,0,0,0,0,0,0,0,0,0,0,0,0,0,0,0,0,0,0,0,0,0,0,0,0,0,0,0,0,0,0,0,100,0,0,0,-1,0,0,0,0
15017,0,0,60,0,"","",0,18,0,0,0,0,0,0,false,0,0,0,0,0,0,0,0,0,0,0,0,0,0,0,0,0,0,0,0,0,0,0,0,0,0,0,0,0,0,0,0,0,0,0,0,0,100,0,0,0,-1,0,0,0,0
20000,0,0,60,0,"","",0,18,0,0,0,0,0,0,false,0,0,0,0,0,0,0,0,0,0,0,0,0,0,0,0,0,0,0,0,0,0,0,0,0,0,0,0,0,0,0,0,0,0,0,0,0,100,0,0,0,-1,0,0,0,0
20001,4,0,60,22,"이프리트 토벌전","",120,18,86,0,0,202,0,112008,false,0,0,0,2600,2605,1,1500,2000,0,0,0,0,0,0,0,0,0,0,0,0,0,0,0,0,0,0,0,0,0,0,0,0,0,0,0,0,0,60,0,2,0,-1,0,0,0,0
20002,4,0,60,36,"타이탄 토벌전","",157,18,244,0,0,206,0,112018,false,0,0,0,3800,3811,2,2200,4200,0,0,0,0,0,0,0,0,0,0,0,0,0,0,0,0,0,0,0,0,0,0,0,0,0,0,0,0,0,60,0,2,0,-1,0,0,0,0
20003,4,0,60,46,"가루다 토벌전","",155,18,252,0,0,208,0,112019,false,0,0,0,3700,3705,3,2700,6000,0,0,0,0,0,0,0,0,0,0,0,0,0,0,0,0,0,0,0,0,0,0,0,0,0,0,0,0,0,60,0,2,0,-1,0,0,0,0
20004,4,0,60,50,"진 이프리트 토벌전","",120,18,363,0,0,292,0,112021,false,0,0,0,2600,2605,200,0,0,60,0,0,12,0,0,0,0,0,0,0,0,0,0,0,0,0,0,0,0,0,0,0,0,0,0,0,0,23,30,0,2,0,-1,0,0,0,0
20005,4,0,60,50,"진 타이탄 토벌전","",157,18,367,0,0,293,0,112022,false,0,0,0,3800,3811,202,0,0,75,0,0,15,0,0,0,0,0,0,0,0,0,0,0,0,0,0,0,0,0,0,0,0,0,0,0,0,25,30,0,2,0,-1,0,0,0,0
20006,4,0,60,50,"진 가루다 토벌전","",155,18,365,0,0,294,0,112023,false,0,0,0,3700,3705,201,0,0,60,0,0,12,0,0,0,0,0,0,0,0,0,0,0,0,0,0,0,0,0,0,0,0,0,0,0,0,27,30,0,2,0,-1,0,0,0,0
20007,4,0,60,50,"리트아틴 강습전","",151,18,262,0,0,332,0,112020,false,0,0,0,3600,3603,4,2950,7000,0,0,0,0,0,0,0,0,0,0,0,0,0,0,0,0,0,0,0,0,0,0,0,0,0,0,0,0,20,30,0,2,0,-1,0,0,0,0
20008,4,0,60,50,"극 이프리트 토벌전","",120,18,395,0,0,295,0,112028,false,0,0,0,2600,2605,303,0,0,100,0,0,20,0,0,0,0,0,0,0,0,0,0,0,0,0,0,0,0,0,0,0,0,0,0,0,0,24,100,0,1,0,-1,0,0,0,0
20009,4,0,60,50,"극 타이탄 토벌전","",157,18,399,0,0,296,0,112029,false,0,0,0,3800,3805,302,0,0,100,0,0,20,0,0,0,0,0,0,0,0,0,0,0,0,0,0,0,0,0,0,0,0,0,0,0,0,26,100,0,1,0,-1,0,0,0,0
20010,4,0,60,50,"극 가루다 토벌전","",155,18,397,0,0,297,0,112030,false,0,0,0,3700,3705,301,0,0,100,0,0,20,0,0,0,0,0,0,0,0,0,0,0,0,0,0,0,0,0,0,0,0,0,0,0,0,28,100,0,1,0,-1,0,0,0,0
20011,4,0,60,50,"선왕 모그루 모그 XII세 토벌전","",178,18,401,0,0,207,0,112031,false,0,0,0,4900,4902,203,0,0,60,0,0,12,0,0,0,0,0,0,0,0,0,0,0,0,0,0,0,0,0,0,0,0,0,0,0,0,29,30,0,2,0,-1,0,0,0,0
20012,4,0,60,50,"극왕 모그루 모그 XII세 토벌전","",178,18,514,0,0,364,0,112050,false,0,0,0,4900,4906,304,0,0,100,0,0,20,0,0,0,0,0,0,0,0,0,0,0,0,0,0,0,0,0,0,0,0,0,0,0,0,30,100,0,1,0,-1,0,0,0,0
20013,4,0,60,50,"알테마 웨폰 파괴작전","",150,18,403,0,0,348,0,112032,false,0,0,0,4044,4050,300,0,0,75,0,0,15,0,0,0,0,0,0,0,0,0,0,0,0,0,0,0,0,0,0,0,0,0,0,0,0,31,100,0,1,0,-1,0,0,0,0
20014,4,0,15,50,"이벤트용 임무: 3","",157,18,0,0,0,509,0,112018,false,0,0,0,3800,3805,9999,0,0,0,0,0,0,0,0,0,0,0,0,0,0,0,0,0,0,0,0,0,0,0,0,0,0,0,0,0,0,0,100,0,0,0,-1,0,0,0,0
20015,4,0,15,60,"이벤트용 임무: 1","",404,18,0,0,0,353,0,0,false,0,0,0,13200,13216,9997,0,0,0,0,0,0,0,0,0,0,0,0,0,0,0,0,0,0,0,0,0,0,0,0,0,0,0,0,0,0,0,100,0,0,0,-1,0,0,0,0
20016,4,0,15,60,"이벤트용 임무: 2","",365,18,0,0,0,354,0,112126,false,0,0,0,9900,9907,9998,0,0,0,0,0,0,0,0,0,0,0,0,0,0,0,0,0,0,0,0,0,0,0,0,0,0,0,0,0,0,0,100,0,0,0,-1,0,0,0,0
20017,4,0,60,50,"진 리바이어선 토벌전","",203,18,470,0,0,281,0,112051,false,0,0,0,5200,5205,204,0,0,75,0,0,15,0,0,0,0,0,0,0,0,0,0,0,0,0,0,0,0,0,0,0,0,0,0,0,0,35,30,0,2,0,-1,0,0,0,0
20018,4,0,60,50,"극 리바이어선 토벌전","",203,18,526,0,0,359,0,112052,false,0,0,0,5200,5207,305,0,0,100,0,0,20,0,0,0,0,0,0,0,0,0,0,0,0,0,0,0,0,0,0,0,0,0,0,0,0,36,100,0,1,0,-1,0,0,0,0
20019,4,0,60,50,"도름 키마이라 토벌전","",36,18,502,0,0,368,0,112053,false,0,0,0,0,0,100,0,0,50,0,0,10,0,0,0,0,0,0,0,0,0,0,0,0,0,0,0,0,0,0,0,0,0,0,0,0,0,30,0,2,0,-1,0,0,0,0
20020,4,0,60,50,"하이드라 토벌전","",36,18,503,0,0,369,0,112055,false,0,0,0,0,0,101,0,0,50,0,0,10,0,0,0,0,0,0,0,0,0,0,0,0,0,0,0,0,0,0,0,0,0,0,0,0,0,30,0,2,0,-1,0,0,0,0
20021,4,0,60,50,"길가메시 토벌전","",201,18,512,0,4630934,366,0,112054,false,0,0,0,5501,5513,102,0,0,50,0,0,10,0,0,0,0,0,0,0,0,0,0,0,0,0,0,0,0,0,0,0,0,0,0,0,0,21,30,0,4,0,-1,0,0,0,0
20022,4,0,60,50,"진 라무 토벌전","",221,18,561,0,0,374,0,112062,false,0,0,0,6200,6205,205,0,0,75,0,0,15,0,0,0,0,0,0,0,0,0,0,0,0,0,0,0,0,0,0,0,0,0,0,0,0,33,30,0,2,0,-1,0,0,0,0
20023,4,0,60,50,"극 라무 토벌전","",221,18,563,0,0,375,0,112063,false,0,0,0,6200,6205,306,0,0,100,0,0,20,0,0,0,0,0,0,0,0,0,0,0,0,0,0,0,0,0,0,0,0,0,0,0,0,34,100,0,1,0,-1,0,0,0,0
20024,4,0,60,50,"진 시바 토벌전","",230,18,622,0,0,377,0,112073,false,0,0,0,7100,7104,206,0,0,75,0,0,15,0,0,0,0,0,0,0,0,0,0,0,0,0,0,0,0,0,0,0,0,0,0,0,0,37,30,0,2,0,-1,0,0,0,0
20025,4,0,60,50,"극 시바 토벌전","",230,18,643,0,0,378,0,112074,false,0,0,0,7100,7104,307,0,0,100,0,0,22,0,0,0,0,0,0,0,0,0,0,0,0,0,0,0,0,0,0,0,0,0,0,0,0,1,100,0,1,0,-1,0,0,0,0
20026,4,0,60,50,"아마지나배 투기대회 결승전","",232,18,645,0,0,142,0,112075,false,0,0,0,7600,7603,103,0,0,75,0,0,15,0,0,0,0,0,0,0,0,0,0,0,0,0,0,0,0,0,0,0,0,0,0,0,0,19,30,0,2,0,-1,0,0,0,0
20027,4,0,60,50,"투신 오딘 토벌전","",227,18,735,0,0,394,0,112065,false,0,0,0,0,0,104,0,0,80,0,0,15,0,0,0,0,0,0,0,0,0,0,0,0,0,0,0,0,0,0,0,0,0,0,0,0,32,100,0,2,0,-1,0,0,0,0
20028,4,0,60,50,"성도 이슈가르드 방어전","",254,18,745,0,0,143,0,112082,false,0,0,0,8000,8029,6,0,0,100,0,0,15,0,0,0,0,0,0,0,0,0,0,0,0,0,0,0,0,0,0,0,0,0,0,0,0,0,60,0,2,0,-1,0,0,0,0
20029,4,0,60,50,"아씨엔 나브리알레스 토벌전","",173,18,777,0,0,426,0,112081,false,0,0,0,7800,7806,5,0,0,100,0,0,15,0,0,0,0,0,0,0,0,0,0,0,0,0,0,0,0,0,0,0,0,0,0,0,0,0,30,0,2,0,-1,0,0,0,0
20030,4,0,60,50,"진 길가메시 토벌전","",242,18,766,0,0,396,0,112080,false,0,0,0,7900,7907,105,0,0,80,0,0,15,0,0,0,0,0,0,0,0,0,0,0,0,0,0,0,0,0,0,0,0,0,0,0,0,22,30,0,4,0,-1,0,0,0,0
20031,4,0,60,54,"진 라바나 토벌전","",310,18,1023,0,0,432,0,112103,false,0,0,0,8400,8408,400,3000,8500,0,0,0,0,0,0,0,0,0,0,0,0,0,0,0,0,0,0,0,0,0,0,0,0,0,0,0,0,44,30,0,2,0,-1,0,0,0,0
20032,4,0,60,60,"극 라바나 토벌전","",310,18,1017,0,0,446,0,112107,false,0,0,0,8400,8408,404,0,0,100,0,0,15,0,0,0,0,0,0,0,0,0,0,0,0,0,0,0,0,0,0,0,0,0,0,0,0,38,100,0,1,0,-1,0,0,0,0
20033,4,0,60,58,"진 비스마르크 토벌전","",311,18,1014,0,0,436,0,112104,false,0,0,0,9000,9007,401,3000,11500,0,0,0,0,0,0,0,0,0,0,0,0,0,0,0,0,0,0,0,0,0,0,0,0,0,0,0,0,45,30,0,2,0,-1,0,0,0,0
20034,4,0,60,60,"극 비스마르크 토벌전","",311,18,1024,0,0,447,0,112105,false,0,0,0,9000,9007,403,0,0,100,0,0,15,0,0,0,0,0,0,0,0,0,0,0,0,0,0,0,0,0,0,0,0,0,0,0,0,39,100,0,1,0,-1,0,0,0,0
20035,4,0,60,60,"나이츠 오브 라운드 토벌전","",312,18,903,0,0,437,0,112106,false,0,0,0,8800,8807,402,0,0,75,0,0,10,0,0,0,0,0,0,0,0,0,0,0,0,0,0,0,0,0,0,0,0,0,0,0,0,0,30,0,2,0,-1,0,0,0,0
20036,4,0,60,60,"극 나이츠 오브 라운드 토벌전","",341,18,1072,0,0,448,0,112122,false,0,0,0,8800,8808,405,0,0,100,0,0,20,0,0,0,0,0,0,0,0,0,0,0,0,0,0,0,0,0,0,0,0,0,0,0,0,54,100,0,1,0,-1,0,0,0,0
20037,4,0,60,60,"마신 세피로트 토벌전","",365,18,1118,0,0,517,0,112126,false,0,0,0,9900,9907,406,0,0,75,0,0,10,0,0,0,0,0,0,0,0,0,0,0,0,0,0,0,0,0,0,0,0,0,0,0,0,73,30,0,2,0,-1,0,0,0,0
20038,4,0,60,60,"극 마신 세피로트 토벌전","",365,18,1165,0,0,524,0,112127,false,0,0,0,9900,9907,407,0,0,100,0,0,20,0,0,0,0,0,0,0,0,0,0,0,0,0,0,0,0,0,0,0,0,0,0,0,0,67,100,0,1,0,-1,0,0,0,0
20039,4,0,60,60,"니드호그 토벌전","",382,18,1225,0,0,559,0,112160,false,0,0,0,12600,12609,408,0,0,75,0,0,10,0,0,0,0,0,0,0,0,0,0,0,0,0,0,0,0,0,0,0,0,0,0,0,0,87,30,0,2,0,-1,0,0,0,0
20040,4,0,60,60,"극 니드호그 토벌전","",382,18,1227,0,0,566,0,112161,false,0,0,0,12600,12609,409,0,0,100,0,0,20,0,0,0,0,0,0,0,0,0,0,0,0,0,0,0,0,0,0,0,0,0,0,0,0,86,100,0,1,0,-1,0,0,0,0
20041,4,0,60,60,"여신 소피아 토벌전","",365,18,1293,0,0,576,0,0,false,0,0,0,13100,13113,410,0,0,100,0,0,15,0,0,0,0,0,0,0,0,0,0,0,0,0,0,0,0,0,0,0,0,0,0,0,0,92,30,0,2,0,-1,0,0,0,0
20042,4,0,60,60,"극 여신 소피아 토벌전","",365,18,1295,0,0,577,0,0,false,0,0,0,13100,13113,411,0,0,100,0,0,25,0,0,0,0,0,0,0,0,0,0,0,0,0,0,0,0,0,0,0,0,0,0,0,0,88,100,0,1,0,-1,0,0,0,0
20043,4,0,60,60,"귀신 주르반 토벌전","",365,18,1336,0,0,637,0,0,false,0,0,0,14300,14327,412,0,0,100,0,0,15,0,0,0,0,0,0,0,0,0,0,0,0,0,0,0,0,0,0,0,0,0,0,0,0,105,30,0,2,0,-1,0,0,0,0
20044,4,0,60,60,"극 귀신 주르반 토벌전","",365,18,1364,0,0,638,0,0,false,0,0,0,14300,14327,413,0,0,100,0,0,25,0,0,0,0,0,0,0,0,0,0,0,0,0,0,0,0,0,0,0,0,0,0,0,0,106,100,0,2,0,-1,0,0,0,0
20045,4,0,60,70,"신룡 토벌전","",468,18,1605,0,0,679,0,0,false,0,0,0,16900,16903,0,0,0,0,20,0,0,10,6,0,0,0,0,0,0,0,0,0,0,0,0,0,0,0,0,0,0,0,0,0,0,115,30,0,0,0,-1,0,2,3,1
20046,4,0,60,64,"스사노오 토벌전","",466,18,1569,0,0,674,0,0,false,0,0,0,17200,17208,415,3000,27000,0,0,0,0,0,0,0,0,0,0,0,0,0,0,0,0,0,0,0,0,0,0,0,0,0,0,0,0,116,30,0,0,0,-1,0,3,0,0
20047,4,0,60,70,"극 스사노오 토벌전","",466,18,1571,0,0,677,0,0,false,0,0,0,17200,17208,416,0,0,0,30,0,0,15,8,0,0,0,0,0,0,0,0,0,0,0,0,0,0,0,0,0,0,0,0,0,0,117,100,0,0,0,-1,0,3,0,0
20048,4,0,60,68,"락슈미 토벌전","",467,18,1565,0,0,719,0,0,false,0,0,0,16300,16314,417,3000,32000,0,0,0,0,0,0,0,0,0,0,0,0,0,0,0,0,0,0,0,0,0,0,0,0,0,0,0,0,118,30,0,0,0,-1,0,4,0,3
20049,4,0,60,70,"극 락슈미 토벌전","",467,18,1567,0,0,720,0,0,false,0,0,0,16300,16314,418,0,0,0,30,0,0,15,8,0,0,0,0,0,0,0,0,0,0,0,0,0,0,0,0,0,0,0,0,0,0,119,100,0,0,0,-1,0,4,7,3
20050,0,0,60,0,"","",0,18,0,0,0,0,0,0,false,0,0,0,0,0,0,0,0,0,0,0,0,0,0,0,0,0,0,0,0,0,0,0,0,0,0,0,0,0,0,0,0,0,0,0,0,0,100,0,0,0,-1,0,0,0,0
25000,0,0,60,0,"","",0,18,0,0,0,0,0,0,false,0,0,0,0,0,0,0,0,0,0,0,0,0,0,0,0,0,0,0,0,0,0,0,0,0,0,0,0,0,0,0,0,0,0,0,0,0,100,0,0,0,-1,0,0,0,0
25001,11,0,30,1,"유령의 집","",408,18,1339,0,6381330,571,0,0,false,0,0,0,12900,12941,0,0,0,0,0,0,0,0,0,0,0,0,0,0,0,0,0,0,0,0,0,0,0,0,0,0,0,0,0,0,0,89,100,0,0,0,-1,0,0,0,0
25002,0,0,60,0,"","",0,18,0,0,0,0,0,0,false,0,0,0,0,0,0,0,0,0,0,0,0,0,0,0,0,0,0,0,0,0,0,0,0,0,0,0,0,0,0,0,0,0,0,0,0,0,100,0,0,0,-1,0,0,0,0
30000,0,0,60,0,"","",0,18,0,0,0,0,0,0,false,0,0,0,0,0,0,0,0,0,0,0,0,0,0,0,0,0,0,0,0,0,0,0,0,0,0,0,0,0,0,0,0,0,0,0,0,0,100,0,0,0,-1,0,0,0,0
30001,1,0,120,50,"크리스탈 타워: 고대인의 미궁","",180,18,409,0,4317125,174,0,112033,false,0,0,0,4700,4708,1,0,0,50,0,64800,40,0,0,10800,17280,25920,0,0,10,20,30,0,0,0,0,0,0,0,0,0,0,0,0,0,0,76,100,0,0,0,-1,0,0,0,0
30002,1,0,90,50,"대미궁 바하무트: 해후편 1","",146,18,375,0,4293363,241,0,112043,false,0,0,1466,4100,4101,4,0,0,100,0,0,10,0,0,0,0,0,0,0,0,0,0,0,0,0,0,0,0,0,0,0,0,0,0,0,0,0,100,0,8,0,-1,0,0,0,0
30003,1,0,90,50,"대미궁 바하무트: 해후편 2","",147,18,380,0,4294907,242,0,112044,false,0,0,1459,0,0,5,0,0,100,0,0,10,0,0,0,0,0,0,0,0,0,0,0,0,0,0,0,0,0,0,0,0,0,0,0,0,0,100,0,8,0,-1,0,0,0,0
30004,1,0,90,50,"대미궁 바하무트: 해후편 3","",146,18,382,0,4294864,243,0,112045,false,0,0,0,4200,4201,6,0,0,0,0,0,0,0,0,0,0,0,0,0,0,0,0,0,0,0,0,0,0,0,0,0,0,0,0,0,0,0,100,0,0,0,-1,0,0,0,0
30005,1,0,90,50,"대미궁 바하무트: 해후편 4","",146,18,0,0,4374569,244,0,112046,false,0,0,0,4300,4300,7,0,0,100,0,0,10,0,0,0,0,0,0,0,0,0,0,0,0,0,0,0,0,0,0,0,0,0,0,0,0,0,100,0,8,0,-1,0,0,0,0
30006,1,0,90,50,"대미궁 바하무트: 해후편 5","",146,18,385,0,4294951,245,0,112047,false,0,0,1482,0,0,8,0,0,100,0,0,10,0,0,0,0,0,0,0,0,0,0,0,0,0,0,0,0,0,0,0,0,0,0,0,0,0,100,0,8,0,-1,0,0,0,0
30007,1,0,90,50,"대미궁 바하무트: 침공편 1","",202,18,476,0,4616593,355,0,112038,false,0,0,2609,5600,5600,9,0,0,100,0,0,20,0,0,0,0,0,0,0,0,0,0,0,0,0,0,0,0,0,0,0,0,0,0,0,0,0,100,0,6,0,-1,0,0,0,0
30008,1,0,90,50,"대미궁 바하무트: 침공편 2","",202,18,0,0,4646974,356,0,112039,false,0,0,2610,5700,5700,10,0,0,100,0,0,20,0,0,0,0,0,0,0,0,0,0,0,0,0,0,0,0,0,0,0,0,0,0,0,0,0,100,0,6,0,-1,0,0,0,0
30009,1,0,90,50,"대미궁 바하무트: 침공편 3","",202,18,485,0,4649327,357,0,112040,false,0,0,2611,5800,5800,11,0,0,100,0,0,20,0,0,0,0,0,0,0,0,0,0,0,0,0,0,0,0,0,0,0,0,0,0,0,0,0,100,0,6,0,-1,0,0,0,0
30010,1,0,90,50,"대미궁 바하무트: 침공편 4","",198,18,489,0,0,358,0,112041,false,0,0,2612,5900,5905,12,0,0,100,0,0,20,0,0,0,0,0,0,0,0,0,0,0,0,0,0,0,0,0,0,0,0,0,0,0,0,0,100,0,6,0,-1,0,0,0,0
30011,1,0,120,50,"크리스탈 타워: 시르쿠스 탑","",218,18,550,0,4723161,372,0,112061,false,0,0,2824,6300,6325,2,0,0,50,0,64800,40,0,0,10800,17280,25920,0,0,10,20,30,0,0,0,0,0,0,0,0,0,0,0,0,0,0,77,100,0,0,0,-1,0,0,0,0
30012,1,0,90,50,"대미궁 바하무트: 침공편(영웅) 1","",202,18,596,0,4616593,380,0,112038,false,0,0,2609,5600,5600,13,0,0,100,0,0,20,0,0,0,0,0,0,0,0,0,0,0,0,0,0,0,0,0,0,0,0,0,0,0,0,0,100,0,0,0,-1,0,0,0,0
30013,1,0,90,50,"대미궁 바하무트: 침공편(영웅) 2","",202,18,0,0,4646974,381,0,112039,false,0,0,2610,5700,5700,14,0,0,100,0,0,20,0,0,0,0,0,0,0,0,0,0,0,0,0,0,0,0,0,0,0,0,0,0,0,0,0,100,0,0,0,-1,0,0,0,0
30014,1,0,90,50,"대미궁 바하무트: 침공편(영웅) 3","",202,18,598,0,4649327,382,0,112040,false,0,0,2611,5800,5800,15,0,0,100,0,0,20,0,0,0,0,0,0,0,0,0,0,0,0,0,0,0,0,0,0,0,0,0,0,0,0,0,100,0,0,0,-1,0,0,0,0
30015,1,0,90,50,"대미궁 바하무트: 침공편(영웅) 4","",198,18,599,0,0,383,0,112041,false,0,0,2612,5900,5905,16,0,0,100,0,0,20,0,0,0,0,0,0,0,0,0,0,0,0,0,0,0,0,0,0,0,0,0,0,0,0,0,100,0,0,0,-1,0,0,0,0
30016,1,0,90,50,"대미궁 바하무트: 진성편 1","",146,18,631,0,4894217,193,0,112069,false,0,0,3192,6900,6900,17,0,0,100,0,0,30,0,0,0,0,0,0,0,0,0,0,0,0,0,0,0,0,0,0,0,0,0,0,0,0,0,100,0,6,0,-1,0,0,0,0
30017,1,0,90,50,"대미궁 바하무트: 진성편 2","",202,18,658,0,4895391,194,0,112070,false,0,0,3197,7000,7000,18,0,0,100,0,0,30,0,0,0,0,0,0,0,0,0,0,0,0,0,0,0,0,0,0,0,0,0,0,0,0,0,100,0,6,0,-1,0,0,0,0
30018,1,0,90,50,"대미궁 바하무트: 진성편 3","",236,18,634,0,0,195,0,112071,false,0,0,3204,0,0,19,0,0,100,0,0,30,0,0,0,0,0,0,0,0,0,0,0,0,0,0,0,0,0,0,0,0,0,0,0,0,0,100,0,6,0,-1,0,0,0,0
30019,1,0,90,50,"대미궁 바하무트: 진성편 4","",240,18,638,0,0,196,0,112072,false,0,0,3210,7200,7205,20,0,0,100,0,0,30,0,0,0,0,0,0,0,0,0,0,0,0,0,0,0,0,0,0,0,0,0,0,0,0,0,100,0,6,0,-1,0,0,0,0
30020,1,0,120,50,"크리스탈 타워: 어둠의 세계","",247,18,774,0,5032239,151,0,112079,false,0,0,0,7400,7418,3,0,0,50,0,86400,40,0,0,14400,23040,34560,0,0,10,20,30,0,0,0,0,0,0,0,0,0,0,0,0,0,0,18,100,0,0,0,-1,0,0,0,0
30021,1,0,90,60,"기공성 알렉산더: 기동편 1","",323,18,998,0,5787758,442,0,112095,false,0,0,3747,9200,9202,40,0,0,100,0,0,10,0,0,0,0,0,0,0,0,0,0,0,0,0,0,0,0,0,0,0,0,0,0,0,0,55,100,0,0,0,-1,0,0,0,0
30022,1,0,90,60,"기공성 알렉산더: 기동편 2","",323,18,1001,0,5787830,443,0,112096,false,0,0,0,9300,9308,41,0,0,100,0,0,10,0,0,0,0,0,0,0,0,0,0,0,0,0,0,0,0,0,0,0,0,0,0,0,0,56,100,0,0,0,-1,0,0,0,0
30023,1,0,90,60,"기공성 알렉산더: 기동편 3","",323,18,1004,0,5787952,444,0,112097,false,0,0,3765,9400,9401,42,0,0,100,0,0,10,0,0,0,0,0,0,0,0,0,0,0,0,0,0,0,0,0,0,0,0,0,0,0,0,57,100,0,0,0,-1,0,0,0,0
30024,1,0,90,60,"기공성 알렉산더: 기동편 4","",327,18,1007,0,0,445,0,112098,false,0,0,3772,0,0,43,0,0,100,0,0,10,0,0,0,0,0,0,0,0,0,0,0,0,0,0,0,0,0,0,0,0,0,0,0,0,58,100,0,0,0,-1,0,0,0,0
30025,1,0,90,60,"기공성 알렉산더: 기동편(영웅) 1","",323,18,1027,0,5911087,449,0,112099,false,0,0,3747,9201,9202,44,0,0,100,0,0,15,0,0,0,0,0,0,0,0,0,0,0,0,0,0,0,0,0,0,0,0,0,0,0,0,40,100,0,6,0,-1,0,0,0,0
30026,1,0,90,60,"기공성 알렉산더: 기동편(영웅) 2","",323,18,1030,0,5908675,450,0,112100,false,0,0,0,9303,9308,45,0,0,100,0,0,15,0,0,0,0,0,0,0,0,0,0,0,0,0,0,0,0,0,0,0,0,0,0,0,0,41,100,0,6,0,-1,0,0,0,0
30027,1,0,90,60,"기공성 알렉산더: 기동편(영웅) 3","",323,18,1032,0,5911896,451,0,112101,false,0,0,3765,9400,9401,46,0,0,100,0,0,15,0,0,0,0,0,0,0,0,0,0,0,0,0,0,0,0,0,0,0,0,0,0,0,0,42,100,0,6,0,-1,0,0,0,0
30028,1,0,90,60,"기공성 알렉산더: 기동편(영웅) 4","",327,18,1034,0,0,452,0,112102,false,0,0,3772,0,0,47,0,0,100,0,0,15,0,0,0,0,0,0,0,0,0,0,0,0,0,0,0,0,0,0,0,0,0,0,0,0,43,100,0,6,0,-1,0,0,0,0
30029,1,0,120,60,"보이드의 방주","",347,18,1063,0,5965023,508,0,112118,false,0,0,0,9600,9621,30,0,0,50,0,229908,40,0,0,38317,61308,91963,0,0,10,20,30,0,0,0,0,0,0,0,0,0,0,0,0,0,0,50,100,0,0,0,-1,0,0,0,0
30030,1,0,90,60,"기공성 알렉산더: 율동편 1","",323,18,1120,0,6177867,520,0,112128,false,0,0,4687,10100,10107,48,0,0,100,0,0,10,0,0,0,0,0,0,0,0,0,0,0,0,0,0,0,0,0,0,0,0,0,0,0,0,0,100,0,0,0,-1,0,0,0,0
30031,1,0,90,60,"기공성 알렉산더: 율동편 2","",323,18,1123,0,6177897,521,0,112129,false,0,0,4706,10200,10209,49,0,0,100,0,0,10,0,0,0,0,0,0,0,0,0,0,0,0,0,0,0,0,0,0,0,0,0,0,0,0,0,100,0,0,0,-1,0,0,0,0
30032,1,0,90,60,"기공성 알렉산더: 율동편 3","",323,18,1126,0,6177869,522,0,112130,false,0,0,3376,10300,10306,50,0,0,100,0,0,10,0,0,0,0,0,0,0,0,0,0,0,0,0,0,0,0,0,0,0,0,0,0,0,0,0,100,0,0,0,-1,0,0,0,0
30033,1,0,90,60,"기공성 알렉산더: 율동편 4","",327,18,1129,0,0,523,0,112131,false,0,0,4707,10600,10615,51,0,0,100,0,0,10,0,0,0,0,0,0,0,0,0,0,0,0,0,0,0,0,0,0,0,0,0,0,0,0,62,100,0,0,0,-1,0,0,0,0
30034,1,0,90,60,"기공성 알렉산더: 율동편(영웅) 1","",323,18,1131,0,6184203,529,0,112132,false,0,0,4687,10100,10108,52,0,0,100,0,0,15,0,0,0,0,0,0,0,0,0,0,0,0,0,0,0,0,0,0,0,0,0,0,0,0,63,100,0,6,0,-1,0,0,0,0
30035,1,0,90,60,"기공성 알렉산더: 율동편(영웅) 2","",324,18,1134,0,6184207,530,0,112133,false,0,0,4706,10200,10209,53,0,0,100,0,0,15,0,0,0,0,0,0,0,0,0,0,0,0,0,0,0,0,0,0,0,0,0,0,0,0,64,100,0,6,0,-1,0,0,0,0
30036,1,0,90,60,"기공성 알렉산더: 율동편(영웅) 3","",324,18,1136,0,6184214,531,0,112134,false,0,0,3376,10300,10306,54,0,0,100,0,0,15,0,0,0,0,0,0,0,0,0,0,0,0,0,0,0,0,0,0,0,0,0,0,0,0,65,100,0,6,0,-1,0,0,0,0
30037,1,0,90,60,"기공성 알렉산더: 율동편(영웅) 4","",327,18,1138,0,0,532,0,112135,false,0,0,4707,10600,10615,55,0,0,100,0,0,15,0,0,0,0,0,0,0,0,0,0,0,0,0,0,0,0,0,0,0,0,0,0,0,0,66,100,0,6,0,-1,0,0,0,0
30038,1,0,120,60,"금기도시 마하","",393,18,1207,0,6256395,556,0,112162,false,0,0,0,12700,12749,31,0,0,50,0,229908,40,0,0,38317,61308,91963,0,0,10,20,30,0,0,0,0,0,0,0,0,0,0,0,0,0,0,81,100,0,0,0,-1,0,0,0,0
30039,1,0,90,60,"기공성 알렉산더: 천동편 1","",323,18,1282,0,6526593,580,0,0,false,0,0,5170,13400,13414,57,0,0,100,0,0,20,0,0,0,0,0,0,0,0,0,0,0,0,0,0,0,0,0,0,0,0,0,0,0,0,0,100,0,0,0,-1,0,0,0,0
30040,1,0,90,60,"기공성 알렉산더: 천동편 2","",323,18,1285,0,6493954,581,0,0,false,0,0,5180,13500,13507,58,0,0,100,0,0,20,0,0,0,0,0,0,0,0,0,0,0,0,0,0,0,0,0,0,0,0,0,0,0,0,0,100,0,0,0,-1,0,0,0,0
30041,1,0,90,60,"기공성 알렉산더: 천동편 3","",323,18,1288,0,6531769,582,0,0,false,0,0,5186,13600,13609,59,0,0,100,0,0,20,0,0,0,0,0,0,0,0,0,0,0,0,0,0,0,0,0,0,0,0,0,0,0,0,0,100,0,0,0,-1,0,0,0,0
30042,1,0,90,60,"기공성 알렉산더: 천동편 4","",412,18,1338,0,0,583,0,0,false,0,0,5193,13700,13717,60,0,0,100,0,0,20,0,0,0,0,0,0,0,0,0,0,0,0,0,0,0,0,0,0,0,0,0,0,0,0,96,100,0,0,0,-1,0,0,0,0
30043,1,0,90,60,"기공성 알렉산더: 천동편(영웅) 1","",323,18,1315,0,6480216,584,0,0,false,0,0,5170,13400,13414,61,0,0,100,0,0,30,0,0,0,0,0,0,0,0,0,0,0,0,0,0,0,0,0,0,0,0,0,0,0,0,97,100,0,6,0,-1,0,0,0,0
30044,1,0,90,60,"기공성 알렉산더: 천동편(영웅) 2","",324,18,1318,0,6493963,585,0,0,false,0,0,5180,13500,13507,62,0,0,100,0,0,30,0,0,0,0,0,0,0,0,0,0,0,0,0,0,0,0,0,0,0,0,0,0,0,0,98,100,0,6,30043,-1,0,0,0,0
30045,1,0,90,60,"기공성 알렉산더: 천동편(영웅) 3","",411,18,1320,0,6485748,586,0,0,false,0,0,5186,13600,13609,63,0,0,100,0,0,30,0,0,0,0,0,0,0,0,0,0,0,0,0,0,0,0,0,0,0,0,0,0,0,0,99,100,0,6,30043,-1,0,0,0,0
30046,1,0,90,60,"기공성 알렉산더: 천동편(영웅) 4","",412,18,1322,0,0,587,0,0,false,0,0,5193,13700,13717,64,0,0,100,0,0,30,0,0,0,0,0,0,0,0,0,0,0,0,0,0,0,0,0,0,0,0,0,0,0,0,100,100,0,6,30043,-1,0,0,0,0
30047,1,1,120,60,"둔 스카","",422,18,1366,0,6610728,627,0,0,false,0,0,0,14100,14173,32,0,0,50,0,306545,40,0,0,51090,81745,122618,0,0,10,20,30,0,0,0,0,0,0,0,0,0,0,0,0,0,0,102,100,0,0,0,-1,0,0,0,0
30048,0,0,0,0,"","",0,0,0,0,0,0,0,0,false,0,0,0,0,0,0,0,0,0,0,0,0,0,0,0,0,0,0,0,0,0,0,0,0,0,0,0,0,0,0,0,0,0,0,0,0,0,0,0,0,0,0,0,0,0,0
30049,1,1,90,70,"차원의 틈 오메가: 델타편 1","",480,18,1579,0,0,691,0,0,false,0,0,5629,0,0,65,0,0,0,40,0,0,20,10,0,0,0,0,0,0,0,0,0,0,0,0,0,0,0,0,0,0,0,0,0,0,107,100,0,0,0,-1,0,0,0,2
30050,1,1,90,70,"차원의 틈 오메가: 델타편 2","",480,18,1581,0,0,692,0,0,false,0,0,5631,17600,17600,66,0,0,0,40,0,0,20,10,0,0,0,0,0,0,0,0,0,0,0,0,0,0,0,0,0,0,0,0,0,0,108,100,0,0,0,-1,0,0,0,0
30051,1,1,90,70,"차원의 틈 오메가: 델타편 3","",480,18,1583,0,0,693,0,0,false,0,0,5633,17700,17738,67,0,0,0,40,0,0,20,10,0,0,0,0,0,0,0,0,0,0,0,0,0,0,0,0,0,0,0,0,0,0,109,100,0,0,0,-1,0,0,0,0
30052,1,1,90,70,"차원의 틈 오메가: 델타편 4","",481,18,1585,0,0,694,0,0,false,0,0,6052,17800,17810,68,0,0,0,40,0,0,20,10,0,0,0,0,0,0,0,0,0,0,0,0,0,0,0,0,0,0,0,0,0,0,110,100,0,0,0,-1,0,0,0,4
30053,1,0,90,70,"차원의 틈 오메가(영웅): 델타편 1","",480,18,1587,0,0,695,0,0,false,0,0,5629,0,0,69,0,0,0,100,0,0,0,30,0,0,0,0,0,0,0,0,0,0,0,0,0,0,0,0,0,0,0,0,0,0,111,100,0,0,0,0,0,0,0,2
30054,1,0,90,70,"차원의 틈 오메가(영웅): 델타편 2","",480,18,1589,0,0,696,0,0,false,0,0,5631,17600,17600,70,0,0,0,100,0,0,0,30,0,0,0,0,0,0,0,0,0,0,0,0,0,0,0,0,0,0,0,0,0,0,112,100,0,0,30053,10,0,0,0,0
30055,1,0,90,70,"차원의 틈 오메가(영웅): 델타편 3","",480,18,1591,0,0,697,0,0,false,0,0,5633,17700,17738,71,0,0,0,100,0,0,0,30,0,0,0,0,0,0,0,0,0,0,0,0,0,0,0,0,0,0,0,0,0,0,113,100,0,0,30053,20,0,0,0,0
30056,1,0,120,70,"차원의 틈 오메가(영웅): 델타편 4","",481,18,1593,0,0,698,0,0,false,0,0,6052,17800,17822,72,0,0,0,100,0,0,0,30,0,0,0,0,0,0,0,0,0,0,0,0,0,0,0,0,0,0,0,0,0,0,114,100,0,0,30053,30,0,0,0,4
30057,0,0,0,0,"","",0,0,0,0,0,0,0,0,false,0,0,0,0,0,0,0,0,0,0,0,0,0,0,0,0,0,0,0,0,0,0,0,0,0,0,0,0,0,0,0,0,0,0,0,0,0,0,0,0,0,0,0,0,0,0
40000,0,0,60,0,"","",0,18,0,0,0,0,0,0,false,0,0,0,0,0,0,0,0,0,0,0,0,0,0,0,0,0,0,0,0,0,0,0,0,0,0,0,0,0,0,0,0,0,0,0,0,0,100,0,0,0,-1,0,0,0,0
40001,0,0,0,0,"","",0,0,0,0,0,0,0,0,false,0,0,0,0,0,0,0,0,0,0,0,0,0,0,0,0,0,0,0,0,0,0,0,0,0,0,0,0,0,0,0,0,0,0,0,0,0,0,0,0,0,0,0,0,0,0
40002,0,0,0,0,"","",0,0,0,0,0,0,0,0,false,0,0,0,0,0,0,0,0,0,0,0,0,0,0,0,0,0,0,0,0,0,0,0,0,0,0,0,0,0,0,0,0,0,0,0,0,0,0,0,0,0,0,0,0,0,0
40003,0,0,0,0,"","",0,0,0,0,0,0,0,0,false,0,0,0,0,0,0,0,0,0,0,0,0,0,0,0,0,0,0,0,0,0,0,0,0,0,0,0,0,0,0,0,0,0,0,0,0,0,0,0,0,0,0,0,0,0,0
40004,0,0,0,0,"","",0,0,0,0,0,0,0,0,false,0,0,0,0,0,0,0,0,0,0,0,0,0,0,0,0,0,0,0,0,0,0,0,0,0,0,0,0,0,0,0,0,0,0,0,0,0,0,0,0,0,0,0,0,0,0
40005,0,0,0,0,"","",0,0,0,0,0,0,0,0,false,0,0,0,0,0,0,0,0,0,0,0,0,0,0,0,0,0,0,0,0,0,0,0,0,0,0,0,0,0,0,0,0,0,0,0,0,0,0,0,0,0,0,0,0,0,0
40006,0,0,0,0,"","",0,0,0,0,0,0,0,0,false,0,0,0,0,0,0,0,0,0,0,0,0,0,0,0,0,0,0,0,0,0,0,0,0,0,0,0,0,0,0,0,0,0,0,0,0,0,0,0,0,0,0,0,0,0,0
40007,5,0,8,70,"더 피스트 (8대 8 / 일반전)","",367,1,0,0,0,518,7,112136,false,0,0,0,0,0,7,0,0,0,0,0,20,20,10,0,0,0,0,0,0,0,0,0,0,0,0,0,0,0,0,0,0,0,0,0,0,0,100,0,0,40001,-1,2,0,0,0
40008,0,0,0,0,"","",0,0,0,0,0,0,0,0,false,0,0,0,0,0,0,0,0,0,0,0,0,0,0,0,0,0,0,0,0,0,0,0,0,0,0,0,0,0,0,0,0,0,0,0,0,0,0,0,0,0,0,0,0,0,0
40009,0,0,0,0,"","",0,0,0,0,0,0,0,0,false,0,0,0,0,0,0,0,0,0,0,0,0,0,0,0,0,0,0,0,0,0,0,0,0,0,0,0,0,0,0,0,0,0,0,0,0,0,0,0,0,0,0,0,0,0,0
40010,5,0,8,70,"더 피스트 (4대 4 / 등급전)","",367,1,0,0,0,527,10,112139,false,0,0,0,0,0,10,0,0,0,0,0,20,20,10,0,0,0,0,0,0,0,0,0,0,0,0,0,0,0,0,0,0,0,0,0,0,0,100,0,0,40001,-1,1,0,0,0
40011,0,0,0,0,"","",0,0,0,0,0,0,0,0,false,0,0,0,0,0,0,0,0,0,0,0,0,0,0,0,0,0,0,0,0,0,0,0,0,0,0,0,0,0,0,0,0,0,0,0,0,0,0,0,0,0,0,0,0,0,0
40012,5,0,8,70,"★더 피스트 (4대 4 / 고정 소규모 파티)","★더 피스트 (4대 4 / 4인용)",367,1,0,0,0,149,11,112140,false,0,0,0,0,0,998,0,0,0,0,0,0,0,0,0,0,0,0,0,0,0,0,0,0,0,0,0,0,0,0,0,0,0,0,0,0,0,100,0,0,0,-1,1,0,0,0
40013,5,0,8,70,"더 피스트 (8 대 8 / 친선 경기 / 늑대우리 훈련장)","",367,1,0,0,0,618,12,112136,false,0,0,0,0,0,12,0,0,0,0,0,0,0,0,0,0,0,0,0,0,0,0,0,0,0,0,0,0,0,0,0,0,0,0,0,0,0,100,0,0,40001,-1,2,0,0,0
40014,5,0,8,70,"더 피스트 (4 대 4 / 친선 경기 / 늑대우리 훈련장)","",367,1,0,0,0,619,13,112137,false,0,0,0,0,0,13,0,0,0,0,0,0,0,0,0,0,0,0,0,0,0,0,0,0,0,0,0,0,0,0,0,0,0,0,0,0,0,100,0,0,40001,-1,2,0,0,0
40015,5,0,8,70,"더 피스트 (8대 8 / 일반전)","",367,1,0,0,0,631,14,112136,false,0,0,0,0,0,14,0,0,0,0,0,0,0,0,0,0,0,0,0,0,0,0,0,0,0,0,0,0,0,0,0,0,0,0,0,0,0,100,40007,0,40001,-1,2,0,0,0
40016,0,0,0,0,"","",0,0,0,0,0,0,0,0,false,0,0,0,0,0,0,0,0,0,0,0,0,0,0,0,0,0,0,0,0,0,0,0,0,0,0,0,0,0,0,0,0,0,0,0,0,0,0,0,0,0,0,0,0,0,0
40017,0,0,0,0,"","",0,0,0,0,0,0,0,0,false,0,0,0,0,0,0,0,0,0,0,0,0,0,0,0,0,0,0,0,0,0,0,0,0,0,0,0,0,0,0,0,0,0,0,0,0,0,0,0,0,0,0,0,0,0,0
40018,5,0,8,70,"더 피스트 (4대 4 / 등급전)","",367,1,0,0,0,644,17,112139,false,0,0,0,0,0,17,0,0,0,0,0,0,0,0,0,0,0,0,0,0,0,0,0,0,0,0,0,0,0,0,0,0,0,0,0,0,0,100,40010,0,40001,-1,1,0,0,0
40019,0,0,0,0,"","",0,0,0,0,0,0,0,0,false,0,0,0,0,0,0,0,0,0,0,0,0,0,0,0,0,0,0,0,0,0,0,0,0,0,0,0,0,0,0,0,0,0,0,0,0,0,0,0,0,0,0,0,0,0,0
40020,5,0,8,70,"더 피스트 (8 대 8 / 친선 경기 / 잡초 훈련장)","",367,1,0,0,0,642,19,112217,false,0,0,0,0,0,19,0,0,0,0,0,0,0,0,0,0,0,0,0,0,0,0,0,0,0,0,0,0,0,0,0,0,0,0,0,0,0,100,0,0,40001,-1,2,0,0,0
40021,5,0,8,70,"더 피스트 (4 대 4 / 친선 경기 / 잡초 훈련장)","",367,1,0,0,0,646,20,112219,false,0,0,0,0,0,20,0,0,0,0,0,0,0,0,0,0,0,0,0,0,0,0,0,0,0,0,0,0,0,0,0,0,0,0,0,0,0,100,0,0,40001,-1,2,0,0,0
40022,0,0,60,0,"","",0,18,0,0,0,0,0,0,false,0,0,0,0,0,0,0,0,0,0,0,0,0,0,0,0,0,0,0,0,0,0,0,0,0,0,0,0,0,0,0,0,0,0,0,0,0,100,0,0,0,-1,0,0,0,0
50000,0,0,60,0,"","",0,18,0,0,0,0,0,0,false,0,0,0,0,0,0,0,0,0,0,0,0,0,0,0,0,0,0,0,0,0,0,0,0,0,0,0,0,0,0,0,0,0,0,0,0,0,100,0,0,0,-1,0,0,0,0
50001,6,0,30,70,"외곽 유적지대(제압전)","외곽 유적지대(제압전)",0,18,0,0,0,376,0,112064,false,0,0,0,0,0,7,0,0,0,0,0,50,50,20,0,0,0,0,0,0,0,0,0,0,0,0,0,0,0,0,0,0,0,0,0,0,0,0,0,0,0,-1,3,0,0,0
50002,0,0,0,0,"","",0,0,0,0,0,0,0,0,false,0,0,0,0,0,0,0,0,0,0,0,0,0,0,0,0,0,0,0,0,0,0,0,0,0,0,0,0,0,0,0,0,0,0,0,0,0,0,0,0,0,0,0,0,0,0
50003,0,0,0,0,"","",0,0,0,0,0,0,0,0,false,0,0,0,0,0,0,0,0,0,0,0,0,0,0,0,0,0,0,0,0,0,0,0,0,0,0,0,0,0,0,0,0,0,0,0,0,0,0,0,0,0,0,0,0,0,0
50004,6,0,20,70,"봉인된 바위섬(쟁탈전)","봉인된 바위섬(쟁탈전)",0,18,0,0,0,431,0,112108,false,0,0,0,8900,8900,20,0,0,0,0,0,50,50,20,0,0,0,0,0,0,0,0,0,0,0,0,0,0,0,0,0,0,0,0,0,0,0,0,0,0,50001,-1,3,0,0,0
50005,6,0,20,70,"영광의 평원(쇄빙전)","영광의 평원(쇄빙전)",0,18,0,0,0,554,0,112165,false,0,0,0,8901,8902,21,0,0,0,0,0,50,50,20,0,0,0,0,0,0,0,0,0,0,0,0,0,0,0,0,0,0,0,0,0,0,0,0,0,0,50001,-1,3,0,0,0
50006,0,0,60,0,"","",0,18,0,0,0,0,0,0,false,0,0,0,0,0,0,0,0,0,0,0,0,0,0,0,0,0,0,0,0,0,0,0,0,0,0,0,0,0,0,0,0,0,0,0,0,0,100,0,0,0,-1,0,0,0,0
55000,0,0,60,0,"","",0,18,0,0,0,0,0,0,false,0,0,0,0,0,0,0,0,0,0,0,0,0,0,0,0,0,0,0,0,0,0,0,0,0,0,0,0,0,0,0,0,0,0,0,0,0,100,0,0,0,-1,0,0,0,0
55001,10,0,60,0,"보물고 아쿠아폴리스","",165,18,1235,180,6289086,558,0,0,false,0,0,0,12800,12803,0,0,0,0,0,0,0,0,0,0,0,0,0,0,0,0,0,0,0,0,0,0,0,0,0,0,0,0,0,0,0,0,100,0,0,0,-1,0,0,0,0
55002,10,0,60,0,"보물고 우즈네어 운하","",403,18,1596,310,6904141,712,0,0,false,0,0,0,12800,12803,0,0,0,0,0,0,0,0,0,0,0,0,0,0,0,0,0,0,0,0,0,0,0,0,0,0,0,0,0,0,0,0,100,0,0,0,-1,0,0,0,0
55003,0,0,0,0,"","",0,0,0,0,0,0,0,0,false,0,0,0,0,0,0,0,0,0,0,0,0,0,0,0,0,0,0,0,0,0,0,0,0,0,0,0,0,0,0,0,0,0,0,0,0,0,0,0,0,0,0,0,0,0,0
55004,0,0,60,0,"","",0,18,0,0,0,0,0,0,false,0,0,0,0,0,0,0,0,0,0,0,0,0,0,0,0,0,0,0,0,0,0,0,0,0,0,0,0,0,0,0,0,0,0,0,0,0,100,0,0,0,-1,0,0,0,0
60000,0,0,60,0,"","",0,18,0,0,0,0,0,0,false,0,0,0,0,0,0,0,0,0,0,0,0,0,0,0,0,0,0,0,0,0,0,0,0,0,0,0,0,0,0,0,0,0,0,0,0,0,100,0,0,0,-1,0,0,0,0
60001,9,0,60,0,"망자의 궁전 B1~B10","",0,18,1244,0,0,561,0,112166,false,0,0,0,0,0,0,0,0,0,0,0,0,0,0,0,0,0,0,0,0,0,0,0,0,0,0,0,0,0,0,0,0,0,0,0,0,0,100,0,0,0,-1,0,0,0,0
60002,9,0,60,0,"망자의 궁전 B11~B20","",0,18,0,0,0,562,0,112167,false,0,0,0,0,0,0,0,0,0,0,0,0,0,0,0,0,0,0,0,0,0,0,0,0,0,0,0,0,0,0,0,0,0,0,0,0,0,100,0,0,0,-1,0,0,0,0
60003,9,0,60,0,"망자의 궁전 B21~B30","",0,18,0,0,0,563,0,112168,false,0,0,0,0,0,0,0,0,0,0,0,0,0,0,0,0,0,0,0,0,0,0,0,0,0,0,0,0,0,0,0,0,0,0,0,0,0,100,0,0,0,-1,0,0,0,0
60004,9,0,60,0,"망자의 궁전 B31~B40","",0,18,0,0,0,564,0,112169,false,0,0,0,0,0,0,0,0,0,0,0,0,0,0,0,0,0,0,0,0,0,0,0,0,0,0,0,0,0,0,0,0,0,0,0,0,0,100,0,0,0,-1,0,0,0,0
60005,9,0,60,0,"망자의 궁전 B41~B50","",0,18,0,0,0,565,0,112170,false,0,0,0,0,0,0,0,0,0,0,0,0,0,0,0,0,0,0,0,0,0,0,0,0,0,0,0,0,0,0,0,0,0,0,0,0,0,100,0,0,0,-1,0,0,0,0
60006,9,0,60,0,"망자의 궁전 B51~B60","",0,18,0,0,0,593,0,0,false,0,0,0,0,0,0,0,0,0,0,0,0,0,0,0,0,0,0,0,0,0,0,0,0,0,0,0,0,0,0,0,0,0,0,0,0,0,100,0,0,0,-1,0,0,0,0
60007,9,0,60,0,"망자의 궁전 B61~B70","",0,18,0,0,0,594,0,0,false,0,0,0,0,0,0,0,0,0,0,0,0,0,0,0,0,0,0,0,0,0,0,0,0,0,0,0,0,0,0,0,0,0,0,0,0,0,100,0,0,0,-1,0,0,0,0
60008,9,0,60,0,"망자의 궁전 B71~B80","",0,18,0,0,0,595,0,0,false,0,0,0,0,0,0,0,0,0,0,0,0,0,0,0,0,0,0,0,0,0,0,0,0,0,0,0,0,0,0,0,0,0,0,0,0,0,100,0,0,0,-1,0,0,0,0
60009,9,0,60,0,"망자의 궁전 B81~B90","",0,18,0,0,0,596,0,0,false,0,0,0,0,0,0,0,0,0,0,0,0,0,0,0,0,0,0,0,0,0,0,0,0,0,0,0,0,0,0,0,0,0,0,0,0,0,100,0,0,0,-1,0,0,0,0
60010,9,0,60,0,"망자의 궁전 B91~B100","",0,18,0,0,0,597,0,0,false,0,0,0,13900,13903,0,0,0,0,0,0,0,0,0,0,0,0,0,0,0,0,0,0,0,0,0,0,0,0,0,0,0,0,0,0,0,0,100,0,0,0,-1,0,0,0,0
60011,9,0,60,0,"망자의 궁전 B101~B110","",0,18,0,0,0,598,0,0,false,0,0,0,0,0,0,0,0,0,0,0,0,0,0,0,0,0,0,0,0,0,0,0,0,0,0,0,0,0,0,0,0,0,0,0,0,0,100,0,0,0,-1,0,0,0,0
60012,9,0,60,0,"망자의 궁전 B111~B120","",0,18,0,0,0,599,0,0,false,0,0,0,0,0,0,0,0,0,0,0,0,0,0,0,0,0,0,0,0,0,0,0,0,0,0,0,0,0,0,0,0,0,0,0,0,0,100,0,0,0,-1,0,0,0,0
60013,9,0,60,0,"망자의 궁전 B121~B130","",0,18,0,0,0,600,0,0,false,0,0,0,0,0,0,0,0,0,0,0,0,0,0,0,0,0,0,0,0,0,0,0,0,0,0,0,0,0,0,0,0,0,0,0,0,0,100,0,0,0,-1,0,0,0,0
60014,9,0,60,0,"망자의 궁전 B131~B140","",0,18,0,0,0,601,0,0,false,0,0,0,0,0,0,0,0,0,0,0,0,0,0,0,0,0,0,0,0,0,0,0,0,0,0,0,0,0,0,0,0,0,0,0,0,0,100,0,0,0,-1,0,0,0,0
60015,9,0,60,0,"망자의 궁전 B141~B150","",0,18,0,0,0,602,0,0,false,0,0,0,0,0,0,0,0,0,0,0,0,0,0,0,0,0,0,0,0,0,0,0,0,0,0,0,0,0,0,0,0,0,0,0,0,0,100,0,0,0,-1,0,0,0,0
60016,9,0,60,0,"망자의 궁전 B151~B160","",0,18,0,0,0,603,0,0,false,0,0,0,0,0,0,0,0,0,0,0,0,0,0,0,0,0,0,0,0,0,0,0,0,0,0,0,0,0,0,0,0,0,0,0,0,0,100,0,0,0,-1,0,0,0,0
60017,9,0,60,0,"망자의 궁전 B161~B170","",0,18,0,0,0,604,0,0,false,0,0,0,0,0,0,0,0,0,0,0,0,0,0,0,0,0,0,0,0,0,0,0,0,0,0,0,0,0,0,0,0,0,0,0,0,0,100,0,0,0,-1,0,0,0,0
60018,9,0,60,0,"망자의 궁전 B171~B180","",0,18,0,0,0,605,0,0,false,0,0,0,0,0,0,0,0,0,0,0,0,0,0,0,0,0,0,0,0,0,0,0,0,0,0,0,0,0,0,0,0,0,0,0,0,0,100,0,0,0,-1,0,0,0,0
60019,9,0,60,0,"망자의 궁전 B181~B190","",0,18,0,0,0,606,0,0,false,0,0,0,0,0,0,0,0,0,0,0,0,0,0,0,0,0,0,0,0,0,0,0,0,0,0,0,0,0,0,0,0,0,0,0,0,0,100,0,0,0,-1,0,0,0,0
60020,9,0,60,0,"망자의 궁전 B191~B200","",0,18,0,0,0,607,0,0,false,0,0,0,0,0,0,0,0,0,0,0,0,0,0,0,0,0,0,0,0,0,0,0,0,0,0,0,0,0,0,0,0,0,0,0,0,0,100,0,0,0,-1,0,0,0,0
60021,0,0,60,0,"","",0,18,0,0,0,0,0,0,false,0,0,0,0,0,0,0,0,0,0,0,0,0,0,0,0,0,0,0,0,0,0,0,0,0,0,0,0,0,0,0,0,0,0,0,0,0,100,0,0,0,-1,0,0,0,0
65000,0,0,0,0,"","",0,0,0,0,0,0,0,0,false,0,0,0,0,0,0,0,0,0,0,0,0,0,0,0,0,0,0,0,0,0,0,0,0,0,0,0,0,0,0,0,0,0,0,0,0,0,0,0,0,0,0,0,0,0,0
65001,2,0,60,0,"","",0,18,0,0,0,0,0,0,false,0,0,0,0,0,0,0,0,0,0,0,0,0,0,0,0,0,0,0,0,0,0,0,0,0,0,0,0,0,0,0,0,0,0,0,0,0,100,0,0,0,-1,0,0,0,0
